url,date
https://n.news.naver.com/mnews/article/277/0004484597?sid=101,2019.06.16.
https://n.news.naver.com/mnews/article/277/0004484602?sid=101,2019.06.16.
https://n.news.naver.com/mnews/article/277/0004484672?sid=101,2019.06.16.
https://n.news.naver.com/mnews/article/277/0004484709?sid=101,2019.06.16.
https://n.news.naver.com/mnews/article/277/0004484815?sid=101,2019.06.17.
https://n.news.naver.com/mnews/article/277/0004484842?sid=101,2019.06.17.
https://n.news.naver.com/mnews/article/277/0004484869?sid=101,2019.06.17.
https://n.news.naver.com/mnews/article/277/0004485031?sid=101,2019.06.17.
https://n.news.naver.com/mnews/article/277/0004485060?sid=101,2019.06.17.
https://n.news.naver.com/mnews/article/277/0004485176?sid=101,2019.06.17.
https://n.news.naver.com/mnews/article/277/0004485215?sid=110,2019.06.17.
https://n.news.naver.com/mnews/article/277/0004485266?sid=101,2019.06.17.
https://n.news.naver.com/mnews/article/277/0004485290?sid=101,2019.06.17.
https://n.news.naver.com/mnews/article/277/0004485318?sid=102,2019.06.17.
https://n.news.naver.com/mnews/article/277/0004485320?sid=101,2019.06.17.
https://n.news.naver.com/mnews/article/277/0004485388?sid=101,2019.06.17.
https://n.news.naver.com/mnews/article/277/0004485464?sid=101,2019.06.17.
https://n.news.naver.com/mnews/article/277/0004485483?sid=101,2019.06.17.
https://n.news.naver.com/mnews/article/277/0004485553?sid=104,2019.06.18.
https://n.news.naver.com/mnews/article/277/0004485613?sid=101,2019.06.18.
https://n.news.naver.com/mnews/article/277/0004485802?sid=101,2019.06.18.
https://n.news.naver.com/mnews/article/277/0004485823?sid=101,2019.06.18.
https://n.news.naver.com/mnews/article/277/0004485839?sid=104,2019.06.18.
https://n.news.naver.com/mnews/article/277/0004485893?sid=101,2019.06.18.
https://n.news.naver.com/mnews/article/277/0004485918?sid=101,2019.06.18.
https://n.news.naver.com/mnews/article/277/0004485928?sid=101,2019.06.18.
https://n.news.naver.com/mnews/article/277/0004485938?sid=101,2019.06.18.
https://n.news.naver.com/mnews/article/277/0004486135?sid=101,2019.06.18.
https://n.news.naver.com/mnews/article/277/0004486195?sid=104,2019.06.18.
https://n.news.naver.com/mnews/article/277/0004486234?sid=104,2019.06.18.
https://n.news.naver.com/mnews/article/277/0004486247?sid=101,2019.06.18.
https://n.news.naver.com/mnews/article/277/0004486253?sid=101,2019.06.18.
https://n.news.naver.com/mnews/article/277/0004486280?sid=101,2019.06.18.
https://n.news.naver.com/mnews/article/277/0004486288?sid=104,2019.06.18.
https://n.news.naver.com/mnews/article/277/0004486313?sid=104,2019.06.19.
https://n.news.naver.com/mnews/article/277/0004486342?sid=104,2019.06.19.
https://n.news.naver.com/mnews/article/277/0004486370?sid=101,2019.06.19.
https://n.news.naver.com/mnews/article/277/0004486473?sid=101,2019.06.19.
https://n.news.naver.com/mnews/article/277/0004486503?sid=101,2019.06.19.
https://n.news.naver.com/mnews/article/277/0004486504?sid=101,2019.06.19.
https://n.news.naver.com/mnews/article/277/0004486638?sid=104,2019.06.19.
https://n.news.naver.com/mnews/article/277/0004486636?sid=101,2019.06.19.
https://n.news.naver.com/mnews/article/277/0004486665?sid=104,2019.06.19.
https://n.news.naver.com/mnews/article/277/0004486681?sid=101,2019.06.19.
https://n.news.naver.com/mnews/article/277/0004486743?sid=101,2019.06.19.
https://n.news.naver.com/mnews/article/277/0004486741?sid=101,2019.06.19.
https://n.news.naver.com/mnews/article/277/0004486740?sid=101,2019.06.19.
https://n.news.naver.com/mnews/article/277/0004486788?sid=101,2019.06.19.
https://n.news.naver.com/mnews/article/277/0004486798?sid=101,2019.06.19.
https://n.news.naver.com/mnews/article/277/0004486989?sid=101,2019.06.19.
https://n.news.naver.com/mnews/article/277/0004487102?sid=104,2019.06.20.
https://n.news.naver.com/mnews/article/277/0004487103?sid=104,2019.06.20.
https://n.news.naver.com/mnews/article/277/0004487104?sid=104,2019.06.20.
https://n.news.naver.com/mnews/article/277/0004487105?sid=104,2019.06.20.
https://n.news.naver.com/mnews/article/277/0004487106?sid=104,2019.06.20.
https://n.news.naver.com/mnews/article/277/0004487135?sid=101,2019.06.20.
https://n.news.naver.com/mnews/article/277/0004487159?sid=101,2019.06.20.
https://n.news.naver.com/mnews/article/277/0004487190?sid=101,2019.06.20.
https://n.news.naver.com/mnews/article/277/0004487203?sid=101,2019.06.20.
https://n.news.naver.com/mnews/article/277/0004487216?sid=101,2019.06.20.
https://n.news.naver.com/mnews/article/277/0004487218?sid=101,2019.06.20.
https://n.news.naver.com/mnews/article/277/0004487287?sid=101,2019.06.20.
https://n.news.naver.com/mnews/article/277/0004487366?sid=104,2019.06.20.
https://n.news.naver.com/mnews/article/277/0004487419?sid=104,2019.06.20.
https://n.news.naver.com/mnews/article/277/0004487420?sid=101,2019.06.20.
https://n.news.naver.com/mnews/article/277/0004487446?sid=104,2019.06.20.
https://n.news.naver.com/mnews/article/277/0004487452?sid=101,2019.06.20.
https://n.news.naver.com/mnews/article/277/0004487495?sid=101,2019.06.20.
https://n.news.naver.com/mnews/article/277/0004487499?sid=104,2019.06.20.
https://n.news.naver.com/mnews/article/277/0004487520?sid=101,2019.06.20.
https://n.news.naver.com/mnews/article/277/0004487525?sid=104,2019.06.20.
https://n.news.naver.com/mnews/article/277/0004487632?sid=101,2019.06.20.
https://n.news.naver.com/mnews/article/277/0004487712?sid=101,2019.06.20.
https://n.news.naver.com/mnews/article/277/0004487777?sid=101,2019.06.20.
https://n.news.naver.com/mnews/article/277/0004487780?sid=101,2019.06.20.
https://n.news.naver.com/mnews/article/277/0004487833?sid=101,2019.06.20.
https://n.news.naver.com/mnews/article/277/0004487837?sid=101,2019.06.20.
https://n.news.naver.com/mnews/article/277/0004487869?sid=104,2019.06.21.
https://n.news.naver.com/mnews/article/277/0004487898?sid=101,2019.06.21.
https://n.news.naver.com/mnews/article/277/0004488060?sid=101,2019.06.21.
https://n.news.naver.com/mnews/article/277/0004488083?sid=104,2019.06.21.
https://n.news.naver.com/mnews/article/277/0004488112?sid=101,2019.06.21.
https://n.news.naver.com/mnews/article/277/0004488140?sid=101,2019.06.21.
https://n.news.naver.com/mnews/article/277/0004488255?sid=101,2019.06.21.
https://n.news.naver.com/mnews/article/277/0004488301?sid=102,2019.06.21.
https://n.news.naver.com/mnews/article/277/0004488325?sid=101,2019.06.21.
https://n.news.naver.com/mnews/article/277/0004488337?sid=104,2019.06.21.
https://n.news.naver.com/mnews/article/277/0004488431?sid=104,2019.06.22.
https://n.news.naver.com/mnews/article/277/0004488436?sid=101,2019.06.22.
https://n.news.naver.com/mnews/article/277/0004488447?sid=101,2019.06.22.
https://n.news.naver.com/mnews/article/277/0004488511?sid=101,2019.06.22.
https://n.news.naver.com/mnews/article/277/0004488521?sid=101,2019.06.22.
https://n.news.naver.com/mnews/article/277/0004488543?sid=101,2019.06.23.
https://n.news.naver.com/mnews/article/277/0004488571?sid=101,2019.06.23.
https://n.news.naver.com/mnews/article/277/0004488581?sid=101,2019.06.23.
https://n.news.naver.com/mnews/article/277/0004488772?sid=101,2019.06.23.
